[
  {
    "text": "1 General",
    "number": "1",
    "level": 1,
    "page": 6,
    "global_index": 254,
    "line_index": 0,
    "line_text": "General 1 1",
    "score": 100.0,
    "strategy": "num+title",
    "band": false,
    "found": true
  },
  {
    "text": "1.1 Scope and Field of Application",
    "number": "1.1",
    "level": 2,
    "page": 7,
    "global_index": 312,
    "line_index": 0,
    "line_text": "1.1 Scope",
    "score": 100.0,
    "strategy": "num+title",
    "band": false,
    "found": true
  },
  {
    "text": "1.2 References",
    "number": "1.2",
    "level": 2,
    "page": 7,
    "global_index": 335,
    "line_index": 0,
    "line_text": "and passive materials 1.2 Purpose",
    "score": 35.294117647058826,
    "strategy": "num+title-weak",
    "band": false,
    "found": true
  },
  {
    "text": "1.3 Definitions",
    "number": "1.3",
    "level": 2,
    "page": 7,
    "global_index": 355,
    "line_index": 0,
    "line_text": "1.3 Terminology, and Definitions Symbols,",
    "score": 100.0,
    "strategy": "num+title",
    "band": false,
    "found": true
  },
  {
    "text": "1.4 Symbols",
    "number": "1.4",
    "level": 2,
    "page": 7,
    "global_index": 356,
    "line_index": 0,
    "line_text": "Terminology and symbols used in this Standard,",
    "score": 77.77777777777777,
    "strategy": "title_only",
    "band": false,
    "found": true
  },
  {
    "text": "2 Principles",
    "number": "2",
    "level": 1,
    "page": 8,
    "global_index": 471,
    "line_index": 0,
    "line_text": "2",
    "score": 90.0,
    "strategy": "num+title",
    "band": true,
    "found": true
  },
  {
    "text": "2.1 Statement of the Principles",
    "number": "2.1",
    "level": 2,
    "page": 8,
    "global_index": 380,
    "line_index": 0,
    "line_text": "2.1 Operating Principles CdO-",
    "score": 66.66666666666666,
    "strategy": "num+title-weak-last",
    "band": false,
    "found": true
  },
  {
    "text": "2.1.1 Static Weighing",
    "number": "2.1.1",
    "level": 3,
    "page": 8,
    "global_index": 382,
    "line_index": 0,
    "line_text": "At any given instant, the differ- to 2.1.1 Introduction.",
    "score": 38.46153846153846,
    "strategy": "num+title-weak",
    "band": false,
    "found": true
  },
  {
    "text": "2.1.2 Dynamic Weighing",
    "number": "2.1.2",
    "level": 3,
    "page": 8,
    "global_index": 419,
    "line_index": 0,
    "line_text": "Several techniques 2.1.2 Fluid Velocity Measurement.",
    "score": 37.03703703703704,
    "strategy": "num+title-weak",
    "band": false,
    "found": true
  },
  {
    "text": "2.1.3 Comparison of Instantaneous and Mean Flow Rate",
    "number": "2.1.3",
    "level": 3,
    "page": 9,
    "global_index": 492,
    "line_index": 0,
    "line_text": "In the preceding 2.1.3 Transducer Considerations.",
    "score": 45.54455445544554,
    "strategy": "num+title-weak",
    "band": false,
    "found": true
  },
  {
    "text": "2.2 Accuracy of the Method",
    "number": "2.2",
    "level": 2,
    "page": 9,
    "global_index": 525,
    "line_index": 0,
    "line_text": "2.2 Implementation",
    "score": 36.36363636363637,
    "strategy": "num+title-weak",
    "band": false,
    "found": true
  },
  {
    "text": "2.2.1 Overall Uncertainty on the Weighing Measurement",
    "number": "2.2.1",
    "level": 3,
    "page": 9,
    "global_index": 527,
    "line_index": 0,
    "line_text": "The primary device consists of 2.2.1 Primary Device.",
    "score": 43.29896907216495,
    "strategy": "num+title-weak",
    "band": false,
    "found": true
  },
  {
    "text": "2.2.2 Requirements for Accurate Measurements",
    "number": "2.2.2",
    "level": 3,
    "page": 11,
    "global_index": 647,
    "line_index": 0,
    "line_text": "2.2.2 Secondary Device.",
    "score": 38.80597014925373,
    "strategy": "num+title-weak",
    "band": false,
    "found": true
  },
  {
    "text": "3 Apparatus",
    "number": "3",
    "level": 1,
    "page": 9,
    "global_index": 564,
    "line_index": 0,
    "line_text": "3",
    "score": 90.0,
    "strategy": "last_occurrence",
    "band": true,
    "found": true
  },
  {
    "text": "3.1 Diverter",
    "number": "3.1",
    "level": 2,
    "page": 12,
    "global_index": 698,
    "line_index": 0,
    "line_text": "Thomson 3.1 Axial Velocity Estimate",
    "score": 40.0,
    "strategy": "num+title-weak",
    "band": false,
    "found": true
  },
  {
    "text": "3.2 Time-Measuring Apparatus",
    "number": "3.2",
    "level": 2,
    "page": 13,
    "global_index": 863,
    "line_index": 0,
    "line_text": "3.2 Integration tant contributor to overall flowmeter accuracy. The un-",
    "score": 34.34343434343434,
    "strategy": "num+title-weak",
    "band": false,
    "found": true
  },
  {
    "text": "3.3 Weighing Tank",
    "number": "3.3",
    "level": 2,
    "page": 14,
    "global_index": 937,
    "line_index": 0,
    "line_text": "3.3 Computation",
    "score": 50.0,
    "strategy": "num+title-weak",
    "band": false,
    "found": true
  },
  {
    "text": "3.4 Weighing Device",
    "number": "3.4",
    "level": 2,
    "page": 14,
    "global_index": 956,
    "line_index": 0,
    "line_text": "flow rate, of that smooth curve from a least squares lin- 3.4 Calibration",
    "score": 27.272727272727266,
    "strategy": "num+title-weak",
    "band": false,
    "found": true
  },
  {
    "text": "3.5 Auxiliary Measurements",
    "number": "3.5",
    "level": 2,
    "page": 14,
    "global_index": 893,
    "line_index": 0,
    "line_text": "determined in a variety of ways, but probably the most 3.5 Equipment Degradation",
    "score": 32.075471698113205,
    "strategy": "num+title-weak-last",
    "band": false,
    "found": true
  },
  {
    "text": "4 Procedure",
    "number": "4",
    "level": 1,
    "page": 10,
    "global_index": 617,
    "line_index": 0,
    "line_text": "4",
    "score": 90.0,
    "strategy": "last_occurrence",
    "band": true,
    "found": true
  },
  {
    "text": "4.1 Static Weighing Method",
    "number": "4.1",
    "level": 2,
    "page": 14,
    "global_index": 914,
    "line_index": 0,
    "line_text": "4.1 Performance Parameters",
    "score": 42.30769230769231,
    "strategy": "num+title-weak",
    "band": false,
    "found": true
  },
  {
    "text": "4.2 Dynamic Weighing Method",
    "number": "4.2",
    "level": 2,
    "page": 15,
    "global_index": 1020,
    "line_index": 0,
    "line_text": "determination: 4.2 Installation Considerations",
    "score": 41.0958904109589,
    "strategy": "num+title-weak",
    "band": false,
    "found": true
  },
  {
    "text": "4.3 Common Provisions",
    "number": "4.3",
    "level": 2,
    "page": 15,
    "global_index": 1021,
    "line_index": 0,
    "line_text": "laboratory calibration",
    "score": 0,
    "strategy": "sequential_fallback",
    "band": false,
    "found": true
  },
  {
    "text": "5 Calculation of Flow Rate",
    "number": "5",
    "level": 1,
    "page": 6,
    "global_index": 274,
    "line_index": 0,
    "line_text": "5 5",
    "score": 100.0,
    "strategy": "last_occurrence",
    "band": false,
    "found": true
  },
  {
    "text": "5.1 Calculation of Mass Flow Rate",
    "number": "5.1",
    "level": 2,
    "page": 15,
    "global_index": 1033,
    "line_index": 0,
    "line_text": "5.1 Laboratory Calibration",
    "score": 64.40677966101694,
    "strategy": "num+title-weak",
    "band": false,
    "found": true
  },
  {
    "text": "5.2 Calculation of Volume Flow Rate",
    "number": "5.2",
    "level": 2,
    "page": 16,
    "global_index": 1087,
    "line_index": 0,
    "line_text": "5.2 Field Calibration",
    "score": 57.142857142857146,
    "strategy": "num+title-weak",
    "band": false,
    "found": true
  },
  {
    "text": "6 Uncertainties in the Measurement of Flow Rate",
    "number": "6",
    "level": 1,
    "page": 12,
    "global_index": 795,
    "line_index": 0,
    "line_text": "6",
    "score": 90.0,
    "strategy": "last_occurrence",
    "band": true,
    "found": true
  }
]